case,area,largest_component,component_count
baseline,0.13476370510396976,0.13476370510396976,1
shrunk,0.07776937618147448,0.07776937618147448,1
disconnected,0.08992438563327032,0.061965973534971644,2
