case,admitted_fraction
baseline,0.15857142857142856
drifted,0.16892857142857143
fragmented,0.1510204081632653
