design,admitted_area,largest_component,component_count,maximum_margin,average_margin,hardware_cost,control_complexity,score,x_star,y_star
single cavity,0.06924556213017752,0.06924556213017752,1,0.18105541993753568,0.06729642044794336,2,2,0.17604455249999512,0.6718146718146718,0.0
coupled resonators,0.09344674556213017,0.09344674556213017,1,0.2074428701563354,0.07738227341379807,4,4,0.15883467781525806,0.6872586872586873,0.0
hybrid chip,0.15979289940828403,0.15979289940828403,1,0.2624982389346393,0.09931697571988363,9,8,0.1279998943311162,0.7258687258687259,0.0
programmable mesh,0.12105029585798817,0.12105029585798817,1,0.23395240501147,0.08730777325566874,7,7,0.1108175195399088,0.6795366795366795,0.0
