category,required,helpful,dormant
physics,0.55,0.25,0.19999999999999996
engineering,0.45,0.35,0.20000000000000007
calibration,0.35,0.3,0.35000000000000003
feedback,0.22,0.34,0.44
timing,0.25,0.3,0.45
readout,0.4,0.28,0.31999999999999995
